기업명,Year_Quarter,매출액(억원),영업이익(억원),시장점유율(%),주요 타겟층,주력 판매 제품,주요 판매 채널,재고율(%),ROAS(%),고객 이탈률(%),해외매출비중(%),고객 만족도(점),ESG 평판(점),마케팅_위기_등급
string,string,continuous,continuous,continuous,string,string,string,continuous,continuous,continuous,continuous,continuous,continuous,discrete
meta,meta,,,,meta,meta,meta,,,,,,,class
CJ제일제당,2023_1Q,355451,66863,7.4,1인 가구,뷰티/화장품,오프라인 매장,20.7,213,10.3,76,81,75,안전
CJ제일제당,2023_2Q,361789,19524,9.8,30~40대 주부,스낵/제과,자사몰(온라인),39.3,261,9.5,70,78,71,주의
CJ제일제당,2023_3Q,406913,26726,29.5,1인 가구,스낵/제과,자사몰(온라인),27.4,295,16.5,78,81,65,주의
CJ제일제당,2023_4Q,375116,30909,14.1,1인 가구,음료/주류,종합 오픈마켓,26.2,218,22.4,51,85,87,주의
CJ제일제당,2024_1Q,522683,69411,12.4,20~30대 여성,스낵/제과,자사몰(온라인),28.2,187,5.8,18,65,46,주의
CJ제일제당,2024_2Q,488069,77938,6.1,1인 가구,가정간편식(HMR),오프라인 매장,14.2,123,17.1,54,69,59,위험
CJ제일제당,2024_3Q,457815,63467,10.1,30~40대 주부,스낵/제과,오프라인 매장,6.2,246,21.9,64,82,95,주의
CJ제일제당,2024_4Q,398470,55374,43.8,30~40대 주부,스낵/제과,B2B/기관 영업,27.1,302,14.0,73,96,59,안전
CJ제일제당,2025_1Q,458601,43762,8.6,1인 가구,음료/주류,B2B/기관 영업,14.1,85,2.0,22,79,62,주의
CJ제일제당,2025_2Q,461082,86477,24.7,1인 가구,음료/주류,오프라인 매장,31.8,198,20.3,75,78,63,위험
CJ제일제당,2025_3Q,501950,68978,15.0,30~40대 주부,뷰티/화장품,B2B/기관 영업,12.7,296,16.4,71,65,88,위험
CJ제일제당,2025_4Q,486075,91763,15.9,30~40대 주부,음료/주류,B2B/기관 영업,11.6,173,5.1,19,64,80,주의
DB하이텍,2023_1Q,61093,6334,39.1,B2B 기업고객,메모리 반도체,B2B/기관 영업,13.5,274,9.7,68,89,94,안전
DB하이텍,2023_2Q,55947,6767,15.3,20~40대 남성,메모리 반도체,오프라인 매장,23.1,123,7.6,57,72,71,안전
DB하이텍,2023_3Q,52339,7600,33.5,20~40대 남성,스마트폰,오프라인 매장,15.3,204,9.0,79,85,63,안전
DB하이텍,2023_4Q,58706,7931,34.8,20~40대 남성,메모리 반도체,B2B/기관 영업,14.5,198,4.8,29,76,60,안전
DB하이텍,2024_1Q,56777,11493,12.4,B2B 기업고객,웨어러블 기기,종합 오픈마켓,30.4,224,24.6,29,93,58,위험
DB하이텍,2024_2Q,48930,2584,26.4,20~40대 남성,스마트폰,오프라인 매장,24.4,331,4.4,6,68,76,주의
DB하이텍,2024_3Q,53834,6360,43.6,20~40대 남성,웨어러블 기기,오프라인 매장,33.8,331,3.7,85,85,83,주의
DB하이텍,2024_4Q,45678,7425,17.2,B2B 기업고객,스마트폰,B2B/기관 영업,26.2,347,10.7,61,74,59,안전
DB하이텍,2025_1Q,64322,7144,29.8,30~50대 직장인,스마트폰,자사몰(온라인),26.9,121,5.6,27,76,75,안전
DB하이텍,2025_2Q,43903,6150,28.8,20~40대 남성,스마트폰,자사몰(온라인),15.1,312,3.6,34,78,56,안전
DB하이텍,2025_3Q,58032,10575,42.3,20~40대 남성,스마트폰,자사몰(온라인),27.7,152,3.6,26,77,90,안전
DB하이텍,2025_4Q,59781,9794,16.5,B2B 기업고객,웨어러블 기기,종합 오픈마켓,29.5,336,14.4,61,77,45,안전
HL만도,2023_1Q,37553,9029,31.1,30~50대 남성,SUV/레저용,자사몰(온라인),36.5,286,17.2,22,98,86,위험
HL만도,2023_2Q,33956,3705,41.3,20~30대 사회초년생,차량용 부품,오프라인 매장,25.4,177,9.9,33,96,83,안전
HL만도,2023_3Q,38019,8793,31.9,40~60대 가족단위,세단,자사몰(온라인),34.4,172,8.8,65,95,48,주의
HL만도,2023_4Q,39040,6316,41.5,40~60대 가족단위,세단,오프라인 매장,12.8,237,11.7,47,74,63,안전
HL만도,2024_1Q,33159,7303,23.8,40~60대 가족단위,친환경 전기차,B2B/기관 영업,36.1,141,22.0,53,92,73,위험
HL만도,2024_2Q,29896,6602,10.5,30~50대 남성,세단,B2B/기관 영업,39.6,153,9.3,28,89,89,주의
HL만도,2024_3Q,31938,7899,17.5,30~50대 남성,친환경 전기차,B2B/기관 영업,14.6,161,13.3,16,70,48,안전
HL만도,2024_4Q,36476,4766,43.6,20~30대 사회초년생,친환경 전기차,오프라인 매장,23.7,87,22.5,72,83,52,위험
HL만도,2025_1Q,27596,5428,14.1,20~30대 사회초년생,세단,자사몰(온라인),8.6,236,5.8,10,92,59,안전
HL만도,2025_2Q,35120,5410,26.0,20~30대 사회초년생,SUV/레저용,종합 오픈마켓,39.9,263,19.3,26,91,91,위험
HL만도,2025_3Q,32428,6337,10.2,40~60대 가족단위,친환경 전기차,자사몰(온라인),9.3,272,22.2,37,62,89,위험
HL만도,2025_4Q,30822,7672,31.5,40~60대 가족단위,친환경 전기차,오프라인 매장,29.1,307,10.7,75,86,56,안전
JYP Ent.,2023_1Q,86995,16892,24.8,20~30대 직장인,콘서트 티켓,B2B/기관 영업,8.7,83,23.8,47,79,93,위험
JYP Ent.,2023_2Q,85932,9960,18.4,20~30대 직장인,콘서트 티켓,종합 오픈마켓,16.2,325,9.2,55,72,60,안전
JYP Ent.,2023_3Q,82026,12156,28.0,10~20대 여성,영상 콘텐츠(드라마),B2B/기관 영업,14.8,266,4.6,77,85,52,안전
JYP Ent.,2023_4Q,80212,14946,27.0,20~30대 직장인,팬클럽 구독,자사몰(온라인),20.3,115,20.8,57,78,83,위험
JYP Ent.,2024_1Q,83808,8247,31.3,20~30대 직장인,팬클럽 구독,B2B/기관 영업,7.6,325,15.4,73,98,72,주의
JYP Ent.,2024_2Q,96600,12911,6.5,10~30대 글로벌 팬덤,앨범/굿즈,오프라인 매장,31.9,165,16.9,10,82,76,위험
JYP Ent.,2024_3Q,98055,12739,35.1,10~30대 글로벌 팬덤,앨범/굿즈,오프라인 매장,8.5,341,19.2,76,74,77,주의
JYP Ent.,2024_4Q,86941,10852,23.5,20~30대 직장인,콘서트 티켓,종합 오픈마켓,39.9,133,8.8,15,90,47,주의
JYP Ent.,2025_1Q,109665,13123,18.7,10~20대 여성,팬클럽 구독,종합 오픈마켓,21.7,311,9.3,43,88,42,안전
JYP Ent.,2025_2Q,93196,20487,30.9,20~30대 직장인,콘서트 티켓,자사몰(온라인),23.1,161,9.6,59,95,69,안전
JYP Ent.,2025_3Q,101758,8841,30.6,10~30대 글로벌 팬덤,팬클럽 구독,오프라인 매장,30.8,310,15.6,54,72,40,위험
JYP Ent.,2025_4Q,98538,19753,37.3,10~20대 여성,앨범/굿즈,자사몰(온라인),17.8,314,4.6,67,72,73,안전
KB금융,2023_1Q,108732,26382,30.5,고자산가 그룹,주택담보대출,B2B/기관 영업,38.3,107,20.8,63,83,61,위험
KB금융,2023_2Q,105272,15225,31.3,고자산가 그룹,투자/자산관리,오프라인 매장,8.4,81,9.9,42,74,75,주의
KB금융,2023_3Q,110046,6509,11.6,30~50대 직장인,투자/자산관리,오프라인 매장,13.9,176,4.8,55,72,53,안전
KB금융,2023_4Q,113896,22022,9.3,20~30대 청년층,예적금 상품,오프라인 매장,32.0,314,17.1,69,88,48,위험
KB금융,2024_1Q,92823,18308,27.1,20~30대 청년층,투자/자산관리,자사몰(온라인),29.2,145,4.4,81,71,78,안전
KB금융,2024_2Q,119136,15122,44.2,고자산가 그룹,주택담보대출,종합 오픈마켓,18.9,230,12.4,22,81,48,안전
KB금융,2024_3Q,127559,25471,17.0,고자산가 그룹,신용카드,자사몰(온라인),12.0,256,23.2,21,78,85,주의
KB금융,2024_4Q,142856,21539,32.8,20~30대 청년층,예적금 상품,종합 오픈마켓,24.7,293,17.5,73,97,58,주의
KB금융,2025_1Q,127955,6724,9.3,20~30대 청년층,주택담보대출,오프라인 매장,28.5,216,19.3,25,72,58,주의
KB금융,2025_2Q,120058,7492,36.4,30~50대 직장인,예적금 상품,종합 오픈마켓,33.5,194,19.1,76,66,64,위험
KB금융,2025_3Q,146934,30821,16.5,고자산가 그룹,예적금 상품,B2B/기관 영업,18.6,107,2.3,37,80,52,주의
KB금융,2025_4Q,151281,33890,38.2,고자산가 그룹,신용카드,자사몰(온라인),32.2,230,12.3,14,72,51,주의
LG생활건강,2023_1Q,280031,56703,29.5,1인 가구,스낵/제과,자사몰(온라인),13.1,263,3.8,66,61,48,주의
LG생활건강,2023_2Q,330006,63494,20.0,1인 가구,뷰티/화장품,B2B/기관 영업,9.8,195,2.7,6,72,57,안전
LG생활건강,2023_3Q,309635,57055,13.1,20~30대 여성,가정간편식(HMR),자사몰(온라인),37.4,330,17.8,63,88,55,위험
LG생활건강,2023_4Q,376388,64582,38.0,30~40대 주부,음료/주류,B2B/기관 영업,26.4,348,16.8,9,96,73,주의
LG생활건강,2024_1Q,326757,73701,40.1,20~30대 여성,뷰티/화장품,오프라인 매장,24.5,105,6.4,61,93,65,주의
LG생활건강,2024_2Q,386189,41392,11.7,1인 가구,가정간편식(HMR),자사몰(온라인),21.2,126,18.6,19,88,51,주의
LG생활건강,2024_3Q,426788,80758,10.4,1인 가구,음료/주류,B2B/기관 영업,5.9,183,22.3,16,89,56,주의
LG생활건강,2024_4Q,387045,74426,11.6,30~40대 주부,가정간편식(HMR),오프라인 매장,9.0,265,4.0,54,88,86,안전
LG생활건강,2025_1Q,389364,93428,20.1,1인 가구,가정간편식(HMR),자사몰(온라인),36.9,156,5.7,23,96,51,주의
LG생활건강,2025_2Q,344818,38485,34.2,1인 가구,음료/주류,자사몰(온라인),9.1,183,2.1,37,68,40,주의
LG생활건강,2025_3Q,461019,73163,5.2,1인 가구,스낵/제과,자사몰(온라인),25.6,312,11.4,15,90,78,안전
LG생활건강,2025_4Q,385800,61522,29.8,30~40대 주부,스낵/제과,오프라인 매장,11.5,258,2.8,9,63,82,주의
LG에너지솔루션,2023_1Q,472241,31895,9.4,B2B 기업고객,석유/정유,종합 오픈마켓,26.4,170,24.2,79,98,63,주의
LG에너지솔루션,2023_2Q,462194,50776,19.7,정부 및 공공기관,2차전지 배터리,B2B/기관 영업,34.5,229,12.8,20,64,84,위험
LG에너지솔루션,2023_3Q,536663,71242,13.4,B2B 기업고객,2차전지 배터리,오프라인 매장,25.0,124,13.1,82,93,90,안전
LG에너지솔루션,2023_4Q,569821,97877,17.7,해외 수출시장,친환경 플라스틱,자사몰(온라인),26.5,346,18.8,68,91,71,주의
LG에너지솔루션,2024_1Q,733224,70788,16.6,B2B 기업고객,2차전지 배터리,오프라인 매장,5.8,186,20.4,58,67,66,위험
LG에너지솔루션,2024_2Q,587896,124168,13.5,해외 수출시장,석유/정유,종합 오픈마켓,13.9,237,8.9,75,64,60,주의
LG에너지솔루션,2024_3Q,564742,65880,20.8,해외 수출시장,2차전지 배터리,자사몰(온라인),11.8,325,23.1,9,81,81,주의
LG에너지솔루션,2024_4Q,555401,78935,39.6,정부 및 공공기관,태양광 패널,B2B/기관 영업,37.5,346,8.9,45,63,75,위험
LG에너지솔루션,2025_1Q,577912,108126,37.0,정부 및 공공기관,2차전지 배터리,자사몰(온라인),14.8,253,24.6,85,61,74,위험
LG에너지솔루션,2025_2Q,696532,89095,28.8,정부 및 공공기관,친환경 플라스틱,오프라인 매장,14.5,334,22.2,52,65,68,위험
LG에너지솔루션,2025_3Q,670893,104001,12.0,정부 및 공공기관,2차전지 배터리,자사몰(온라인),37.0,339,2.6,66,88,72,주의
LG에너지솔루션,2025_4Q,659718,96776,40.0,정부 및 공공기관,친환경 플라스틱,자사몰(온라인),31.9,344,17.6,21,66,53,위험
LG전자,2023_1Q,119476,13944,10.2,20~40대 남성,프리미엄 가전,B2B/기관 영업,24.3,84,4.6,24,87,74,주의
LG전자,2023_2Q,129058,20714,22.2,B2B 기업고객,메모리 반도체,종합 오픈마켓,36.5,263,6.8,36,62,82,위험
LG전자,2023_3Q,142590,32343,21.3,30~50대 직장인,프리미엄 가전,자사몰(온라인),35.3,291,2.6,47,71,90,주의
LG전자,2023_4Q,153767,34261,37.4,20~40대 남성,프리미엄 가전,오프라인 매장,18.4,320,7.1,63,62,62,주의
LG전자,2024_1Q,151853,14504,5.9,B2B 기업고객,웨어러블 기기,종합 오픈마켓,14.8,222,10.1,70,64,65,주의
LG전자,2024_2Q,160038,18601,6.1,20~40대 남성,프리미엄 가전,종합 오픈마켓,6.3,302,10.0,45,98,67,안전
LG전자,2024_3Q,147930,18792,28.1,20~40대 남성,스마트폰,B2B/기관 영업,5.1,180,10.4,13,94,82,안전
LG전자,2024_4Q,164255,30005,10.0,20~40대 남성,메모리 반도체,B2B/기관 영업,16.4,145,6.4,53,78,83,안전
LG전자,2025_1Q,146701,24032,21.2,B2B 기업고객,메모리 반도체,종합 오픈마켓,12.4,244,12.7,61,97,83,안전
LG전자,2025_2Q,159928,36821,36.8,B2B 기업고객,스마트폰,종합 오픈마켓,23.0,127,20.8,35,81,83,주의
LG전자,2025_3Q,176582,14033,6.8,20~40대 남성,스마트폰,B2B/기관 영업,19.5,179,18.5,54,96,71,주의
LG전자,2025_4Q,140887,26419,40.7,B2B 기업고객,웨어러블 기기,자사몰(온라인),11.2,317,3.2,36,93,94,안전
S-Oil,2023_1Q,94741,20798,39.1,B2B 기업고객,친환경 플라스틱,오프라인 매장,5.0,263,4.5,41,95,95,안전
S-Oil,2023_2Q,87967,14781,30.0,해외 수출시장,태양광 패널,B2B/기관 영업,18.4,188,17.2,65,94,48,주의
S-Oil,2023_3Q,84309,19803,38.6,B2B 기업고객,친환경 플라스틱,자사몰(온라인),9.7,88,5.3,67,64,82,위험
S-Oil,2023_4Q,103153,6904,30.7,정부 및 공공기관,태양광 패널,B2B/기관 영업,26.8,340,11.8,62,89,64,안전
S-Oil,2024_1Q,78580,13430,28.1,해외 수출시장,석유/정유,종합 오픈마켓,19.4,267,2.8,9,94,76,안전
S-Oil,2024_2Q,85152,14139,43.5,B2B 기업고객,석유/정유,종합 오픈마켓,21.3,347,22.5,16,65,55,위험
S-Oil,2024_3Q,97612,23630,8.1,해외 수출시장,친환경 플라스틱,오프라인 매장,36.6,85,12.8,70,94,70,위험
S-Oil,2024_4Q,87075,10499,44.1,정부 및 공공기관,친환경 플라스틱,자사몰(온라인),6.2,235,18.7,77,98,56,주의
S-Oil,2025_1Q,87696,7350,7.1,정부 및 공공기관,2차전지 배터리,종합 오픈마켓,22.0,338,3.8,40,68,56,주의
S-Oil,2025_2Q,79204,17549,5.6,B2B 기업고객,석유/정유,자사몰(온라인),28.1,169,8.0,35,83,71,안전
S-Oil,2025_3Q,84118,4762,44.4,B2B 기업고객,석유/정유,B2B/기관 영업,31.3,276,7.5,61,86,86,주의
S-Oil,2025_4Q,77579,15273,18.8,해외 수출시장,친환경 플라스틱,오프라인 매장,6.8,284,13.0,65,89,87,안전
SK바이오팜,2023_1Q,74900,16855,35.6,50~70대 노년층,백신/치료제,오프라인 매장,13.4,131,15.7,62,64,78,위험
SK바이오팜,2023_2Q,97998,9696,6.8,40~60대 장년층,건강기능식품,자사몰(온라인),31.4,151,13.6,42,63,54,위험
SK바이오팜,2023_3Q,99079,11273,28.9,의료기관,의료기기,자사몰(온라인),15.6,346,7.1,43,69,57,주의
SK바이오팜,2023_4Q,101427,22916,41.5,의료기관,백신/치료제,B2B/기관 영업,6.6,275,20.1,45,82,84,주의
SK바이오팜,2024_1Q,77739,9740,35.2,40~60대 장년층,건강기능식품,자사몰(온라인),15.5,317,23.0,76,69,66,위험
SK바이오팜,2024_2Q,96871,7441,14.7,50~70대 노년층,의료기기,오프라인 매장,37.3,127,14.3,29,83,43,주의
SK바이오팜,2024_3Q,99127,16909,39.9,50~70대 노년층,건강기능식품,B2B/기관 영업,12.3,235,24.0,6,81,53,주의
SK바이오팜,2024_4Q,116124,8530,45.0,40~60대 장년층,건강기능식품,자사몰(온라인),18.9,244,19.8,53,75,69,주의
SK바이오팜,2025_1Q,97328,9957,25.5,40~60대 장년층,백신/치료제,오프라인 매장,33.1,243,23.0,52,90,60,위험
SK바이오팜,2025_2Q,104822,9879,10.8,40~60대 장년층,백신/치료제,종합 오픈마켓,10.3,197,10.7,36,81,71,안전
SK바이오팜,2025_3Q,120722,14186,35.5,40~60대 장년층,백신/치료제,B2B/기관 영업,10.9,166,5.2,74,82,71,안전
SK바이오팜,2025_4Q,115687,28697,43.3,의료기관,전문의약품,오프라인 매장,38.1,83,11.5,85,63,54,위험
SK이노베이션,2023_1Q,148015,22863,5.2,B2B 기업고객,2차전지 배터리,종합 오픈마켓,21.3,132,14.0,44,62,41,주의
SK이노베이션,2023_2Q,132339,30229,17.8,B2B 기업고객,친환경 플라스틱,종합 오픈마켓,23.6,140,8.3,25,88,57,안전
SK이노베이션,2023_3Q,157795,25550,9.1,해외 수출시장,친환경 플라스틱,종합 오픈마켓,14.5,205,5.9,44,78,79,안전
SK이노베이션,2023_4Q,147461,8869,6.2,해외 수출시장,2차전지 배터리,오프라인 매장,18.4,298,11.0,81,65,77,주의
SK이노베이션,2024_1Q,159818,22241,19.2,정부 및 공공기관,석유/정유,오프라인 매장,39.1,147,4.1,64,89,46,주의
SK이노베이션,2024_2Q,160999,30918,23.6,B2B 기업고객,석유/정유,자사몰(온라인),35.1,266,11.0,47,76,90,주의
SK이노베이션,2024_3Q,151210,22303,7.6,B2B 기업고객,친환경 플라스틱,B2B/기관 영업,21.1,224,19.7,82,70,76,주의
SK이노베이션,2024_4Q,134379,28691,36.9,정부 및 공공기관,2차전지 배터리,종합 오픈마켓,23.6,291,7.5,36,85,75,안전
SK이노베이션,2025_1Q,149989,9481,13.3,해외 수출시장,태양광 패널,B2B/기관 영업,24.9,200,6.0,14,81,87,안전
SK이노베이션,2025_2Q,165706,24412,28.7,정부 및 공공기관,친환경 플라스틱,오프라인 매장,33.8,237,24.0,13,71,78,위험
SK이노베이션,2025_3Q,172526,35241,20.2,정부 및 공공기관,2차전지 배터리,오프라인 매장,12.6,80,19.4,24,68,68,위험
SK이노베이션,2025_4Q,152820,25304,12.8,해외 수출시장,친환경 플라스틱,종합 오픈마켓,25.0,302,18.5,49,79,45,주의
SK하이닉스,2023_1Q,274730,51641,33.5,20~40대 남성,메모리 반도체,B2B/기관 영업,36.5,141,7.7,13,88,61,주의
SK하이닉스,2023_2Q,245192,41115,5.3,30~50대 직장인,스마트폰,자사몰(온라인),7.4,249,3.6,35,62,57,주의
SK하이닉스,2023_3Q,225298,17226,42.4,30~50대 직장인,웨어러블 기기,자사몰(온라인),32.5,177,4.2,60,86,62,주의
SK하이닉스,2023_4Q,248097,48581,31.9,30~50대 직장인,스마트폰,오프라인 매장,19.1,135,7.7,29,81,74,안전
SK하이닉스,2024_1Q,246261,26032,15.0,B2B 기업고객,웨어러블 기기,오프라인 매장,6.8,87,24.3,35,94,50,위험
SK하이닉스,2024_2Q,252111,56203,41.1,B2B 기업고객,웨어러블 기기,오프라인 매장,39.5,312,8.6,76,76,82,주의
SK하이닉스,2024_3Q,233530,25534,43.7,30~50대 직장인,스마트폰,종합 오픈마켓,7.0,324,13.6,72,97,50,안전
SK하이닉스,2024_4Q,254133,55977,7.7,B2B 기업고객,프리미엄 가전,B2B/기관 영업,9.2,206,15.3,10,96,79,주의
SK하이닉스,2025_1Q,256567,41832,17.7,20~40대 남성,프리미엄 가전,종합 오픈마켓,13.4,147,17.4,43,85,69,주의
SK하이닉스,2025_2Q,262070,16905,23.3,30~50대 직장인,스마트폰,오프라인 매장,23.8,215,5.0,49,92,44,안전
SK하이닉스,2025_3Q,245391,20011,38.3,30~50대 직장인,메모리 반도체,오프라인 매장,28.4,233,23.4,18,95,48,주의
SK하이닉스,2025_4Q,286466,56858,11.2,20~40대 남성,프리미엄 가전,종합 오픈마켓,12.1,338,13.2,11,76,45,안전
기아,2023_1Q,144810,25754,24.5,20~30대 사회초년생,SUV/레저용,종합 오픈마켓,12.8,169,10.7,42,97,48,안전
기아,2023_2Q,119519,22756,27.9,40~60대 가족단위,친환경 전기차,자사몰(온라인),26.1,133,23.5,23,74,61,주의
기아,2023_3Q,137284,33837,11.7,30~50대 남성,세단,B2B/기관 영업,5.4,207,17.9,49,73,56,주의
기아,2023_4Q,170600,10172,22.5,20~30대 사회초년생,SUV/레저용,B2B/기관 영업,22.3,259,14.6,17,84,93,안전
기아,2024_1Q,180582,32539,32.5,30~50대 남성,차량용 부품,오프라인 매장,33.0,230,2.5,38,62,46,위험
기아,2024_2Q,136771,17108,34.3,40~60대 가족단위,친환경 전기차,종합 오픈마켓,25.8,95,11.9,26,90,78,주의
기아,2024_3Q,145023,10188,13.2,30~50대 남성,차량용 부품,종합 오픈마켓,28.1,201,4.2,55,79,76,안전
기아,2024_4Q,167260,10186,5.2,30~50대 남성,세단,B2B/기관 영업,12.0,185,5.9,42,61,45,주의
기아,2025_1Q,147436,30515,23.8,40~60대 가족단위,세단,오프라인 매장,27.5,174,10.5,53,84,63,안전
기아,2025_2Q,139637,19262,15.5,20~30대 사회초년생,친환경 전기차,자사몰(온라인),31.3,123,17.4,74,66,66,위험
기아,2025_3Q,183398,29475,38.6,40~60대 가족단위,차량용 부품,B2B/기관 영업,25.0,323,8.9,55,75,94,안전
기아,2025_4Q,185705,42729,37.0,40~60대 가족단위,SUV/레저용,오프라인 매장,38.2,168,23.8,26,88,53,위험
네이버,2023_1Q,299237,51092,6.0,10~20대 학생,클라우드 서비스,종합 오픈마켓,25.2,320,13.9,61,71,57,안전
네이버,2023_2Q,277593,49122,24.7,10~20대 학생,광고 플랫폼,종합 오픈마켓,19.3,133,21.7,47,80,66,주의
네이버,2023_3Q,260280,62216,37.5,전 연령층,클라우드 서비스,B2B/기관 영업,8.1,245,4.7,56,76,95,안전
네이버,2023_4Q,332864,60425,26.7,20~30대 직장인,클라우드 서비스,자사몰(온라인),23.1,306,19.5,31,91,57,주의
네이버,2024_1Q,333972,45962,32.9,10~20대 학생,클라우드 서비스,자사몰(온라인),29.8,87,14.7,16,79,54,주의
네이버,2024_2Q,358770,51049,9.7,10~20대 학생,광고 플랫폼,종합 오픈마켓,22.8,292,21.2,65,77,55,주의
네이버,2024_3Q,278873,24574,29.0,전 연령층,모바일 게임,오프라인 매장,14.7,254,23.5,69,86,57,주의
네이버,2024_4Q,310502,34065,28.5,전 연령층,광고 플랫폼,자사몰(온라인),20.6,256,9.6,74,90,64,안전
네이버,2025_1Q,317856,27885,32.9,전 연령층,광고 플랫폼,자사몰(온라인),35.0,102,9.3,65,86,85,위험
네이버,2025_2Q,347050,85958,36.7,전 연령층,모바일 게임,B2B/기관 영업,38.8,337,24.2,47,68,95,위험
네이버,2025_3Q,389395,27235,41.4,10~20대 학생,모바일 게임,B2B/기관 영업,35.5,118,12.8,38,69,61,위험
네이버,2025_4Q,346587,22896,18.1,전 연령층,광고 플랫폼,종합 오픈마켓,26.9,98,16.2,35,91,80,위험
농심,2023_1Q,521379,99199,15.2,1인 가구,스낵/제과,오프라인 매장,5.5,331,23.4,15,73,69,주의
농심,2023_2Q,463076,74834,42.5,1인 가구,음료/주류,오프라인 매장,33.8,350,2.9,14,77,93,주의
농심,2023_3Q,620923,150336,8.9,30~40대 주부,스낵/제과,B2B/기관 영업,11.6,207,15.1,27,93,75,주의
농심,2023_4Q,548279,38984,30.5,1인 가구,뷰티/화장품,B2B/기관 영업,35.9,172,14.6,69,70,61,주의
농심,2024_1Q,591432,100533,42.3,1인 가구,음료/주류,종합 오픈마켓,19.4,245,16.0,77,87,74,주의
농심,2024_2Q,623559,146679,15.2,1인 가구,뷰티/화장품,B2B/기관 영업,5.0,225,15.7,71,62,48,위험
농심,2024_3Q,575191,63309,13.9,1인 가구,가정간편식(HMR),종합 오픈마켓,37.2,159,4.2,63,92,62,주의
농심,2024_4Q,550572,125489,15.0,1인 가구,음료/주류,오프라인 매장,25.0,191,18.9,46,96,90,주의
농심,2025_1Q,603802,138756,33.1,20~30대 여성,음료/주류,오프라인 매장,30.6,275,3.8,12,96,89,주의
농심,2025_2Q,680376,93116,42.2,20~30대 여성,스낵/제과,오프라인 매장,27.2,107,9.0,10,84,60,주의
농심,2025_3Q,540910,81396,13.8,20~30대 여성,뷰티/화장품,B2B/기관 영업,31.3,338,4.1,60,96,58,주의
농심,2025_4Q,568813,66684,24.0,30~40대 주부,가정간편식(HMR),B2B/기관 영업,14.2,336,12.0,21,85,88,안전
삼성SDS,2023_1Q,173056,33144,44.6,전 연령층,모바일 게임,종합 오픈마켓,18.0,278,11.4,48,78,83,안전
삼성SDS,2023_2Q,231914,41619,7.6,10~20대 학생,광고 플랫폼,종합 오픈마켓,13.8,156,9.7,79,98,82,안전
삼성SDS,2023_3Q,193913,47225,32.9,20~30대 직장인,모바일 게임,오프라인 매장,15.8,248,20.7,72,84,45,주의
삼성SDS,2023_4Q,205813,25184,19.5,10~20대 학생,모바일 게임,종합 오픈마켓,38.2,178,7.2,22,91,49,주의
삼성SDS,2024_1Q,226755,15924,35.8,전 연령층,클라우드 서비스,종합 오픈마켓,35.7,272,5.5,28,68,93,위험
삼성SDS,2024_2Q,220011,50719,33.8,10~20대 학생,광고 플랫폼,종합 오픈마켓,28.7,307,16.0,62,75,54,주의
삼성SDS,2024_3Q,201125,42583,23.8,10~20대 학생,구독형 솔루션,B2B/기관 영업,21.2,275,13.6,58,78,50,안전
삼성SDS,2024_4Q,250582,19465,15.0,전 연령층,광고 플랫폼,종합 오픈마켓,24.4,344,21.6,41,66,45,위험
삼성SDS,2025_1Q,219894,50808,10.9,20~30대 직장인,클라우드 서비스,자사몰(온라인),33.6,93,11.5,55,82,72,위험
삼성SDS,2025_2Q,228804,15174,14.0,20~30대 직장인,클라우드 서비스,종합 오픈마켓,32.7,99,8.6,65,68,84,위험
삼성SDS,2025_3Q,274137,39426,29.6,10~20대 학생,클라우드 서비스,종합 오픈마켓,12.5,350,11.7,41,69,55,주의
삼성SDS,2025_4Q,210667,28222,36.8,20~30대 직장인,클라우드 서비스,오프라인 매장,34.3,88,16.5,78,91,55,위험
삼성바이오로직스,2023_1Q,676245,140709,6.1,의료기관,의료기기,B2B/기관 영업,33.1,146,16.1,16,95,44,위험
삼성바이오로직스,2023_2Q,894109,173255,26.0,40~60대 장년층,전문의약품,자사몰(온라인),39.0,310,12.7,71,64,62,위험
삼성바이오로직스,2023_3Q,821322,131625,28.5,50~70대 노년층,백신/치료제,오프라인 매장,34.1,158,9.0,25,93,60,주의
삼성바이오로직스,2023_4Q,716999,171718,25.8,40~60대 장년층,전문의약품,종합 오픈마켓,11.9,220,4.9,43,95,79,안전
삼성바이오로직스,2024_1Q,807183,67583,42.7,50~70대 노년층,건강기능식품,종합 오픈마켓,34.5,101,21.0,8,96,45,위험
삼성바이오로직스,2024_2Q,808153,133631,31.0,의료기관,백신/치료제,오프라인 매장,22.4,228,16.8,43,94,70,주의
삼성바이오로직스,2024_3Q,836349,109744,23.1,의료기관,전문의약품,자사몰(온라인),20.4,317,6.7,82,90,49,안전
삼성바이오로직스,2024_4Q,805732,158600,39.4,40~60대 장년층,건강기능식품,종합 오픈마켓,23.0,243,7.6,20,66,57,주의
삼성바이오로직스,2025_1Q,663431,39886,42.8,의료기관,백신/치료제,자사몰(온라인),38.7,247,23.5,45,70,52,위험
삼성바이오로직스,2025_2Q,792893,121268,25.0,40~60대 장년층,백신/치료제,오프라인 매장,8.2,338,12.5,35,85,53,안전
삼성바이오로직스,2025_3Q,688429,73160,28.9,의료기관,백신/치료제,종합 오픈마켓,23.8,300,5.1,38,66,86,주의
삼성바이오로직스,2025_4Q,785045,46355,7.0,의료기관,건강기능식품,종합 오픈마켓,24.4,277,13.6,75,64,57,주의
삼성전기,2023_1Q,135691,21198,27.4,20~40대 남성,웨어러블 기기,B2B/기관 영업,34.1,308,22.6,65,95,68,위험
삼성전기,2023_2Q,123449,21916,35.6,30~50대 직장인,웨어러블 기기,자사몰(온라인),14.6,226,7.4,47,64,60,주의
삼성전기,2023_3Q,123411,9893,20.3,B2B 기업고객,프리미엄 가전,오프라인 매장,19.5,318,11.6,31,81,93,안전
삼성전기,2023_4Q,164709,27476,32.8,30~50대 직장인,웨어러블 기기,B2B/기관 영업,5.2,232,19.3,58,82,74,주의
삼성전기,2024_1Q,153918,26266,13.8,B2B 기업고객,메모리 반도체,B2B/기관 영업,22.0,252,17.4,56,84,86,주의
삼성전기,2024_2Q,145567,10994,29.9,B2B 기업고객,웨어러블 기기,오프라인 매장,7.9,149,21.9,28,87,43,주의
삼성전기,2024_3Q,136286,19208,18.5,20~40대 남성,메모리 반도체,B2B/기관 영업,13.8,320,2.4,74,65,43,주의
삼성전기,2024_4Q,148394,26715,36.2,30~50대 직장인,스마트폰,오프라인 매장,38.2,90,16.3,35,72,48,위험
삼성전기,2025_1Q,137383,32910,23.6,20~40대 남성,메모리 반도체,자사몰(온라인),26.2,163,24.2,18,67,77,위험
삼성전기,2025_2Q,141147,26178,43.3,20~40대 남성,프리미엄 가전,오프라인 매장,25.7,132,18.0,43,75,94,주의
삼성전기,2025_3Q,173056,36211,27.6,B2B 기업고객,메모리 반도체,B2B/기관 영업,28.2,339,16.9,6,64,94,위험
삼성전기,2025_4Q,156903,21449,19.5,20~40대 남성,프리미엄 가전,B2B/기관 영업,11.2,218,16.2,73,93,89,주의
삼성전자,2023_1Q,85709,8999,13.9,30~50대 직장인,스마트폰,오프라인 매장,25.7,95,4.2,34,62,72,위험
삼성전자,2023_2Q,107392,20748,33.1,20~40대 남성,프리미엄 가전,B2B/기관 영업,25.6,161,18.1,48,60,57,위험
삼성전자,2023_3Q,117991,13842,8.7,B2B 기업고객,메모리 반도체,종합 오픈마켓,26.1,315,14.3,53,62,45,주의
삼성전자,2023_4Q,116008,20151,39.5,30~50대 직장인,프리미엄 가전,오프라인 매장,6.6,228,24.7,34,74,95,주의
삼성전자,2024_1Q,92820,16441,19.6,20~40대 남성,메모리 반도체,자사몰(온라인),28.5,167,14.3,36,64,50,주의
삼성전자,2024_2Q,93479,21974,32.5,B2B 기업고객,메모리 반도체,오프라인 매장,13.0,241,11.2,13,62,53,주의
삼성전자,2024_3Q,110905,21469,13.5,20~40대 남성,웨어러블 기기,B2B/기관 영업,10.0,206,19.1,73,68,56,위험
삼성전자,2024_4Q,110751,18462,19.5,B2B 기업고객,웨어러블 기기,오프라인 매장,31.5,158,16.4,59,67,78,위험
삼성전자,2025_1Q,104388,26016,26.2,30~50대 직장인,스마트폰,오프라인 매장,28.9,216,19.7,48,94,47,주의
삼성전자,2025_2Q,94949,4809,33.9,30~50대 직장인,메모리 반도체,자사몰(온라인),22.8,232,21.4,69,66,78,위험
삼성전자,2025_3Q,100385,8262,43.1,30~50대 직장인,스마트폰,종합 오픈마켓,22.1,265,22.2,44,67,55,위험
삼성전자,2025_4Q,113411,27149,8.4,20~40대 남성,스마트폰,자사몰(온라인),9.5,164,8.1,82,90,67,안전
셀트리온,2023_1Q,153693,18529,27.8,50~70대 노년층,전문의약품,종합 오픈마켓,7.4,339,20.1,69,93,75,주의
셀트리온,2023_2Q,198938,11679,20.5,40~60대 장년층,의료기기,오프라인 매장,17.5,256,7.5,85,64,46,주의
셀트리온,2023_3Q,200201,23324,6.8,의료기관,의료기기,자사몰(온라인),34.1,325,16.5,22,89,44,위험
셀트리온,2023_4Q,222583,12775,13.1,50~70대 노년층,전문의약품,종합 오픈마켓,37.7,283,24.7,74,92,70,위험
셀트리온,2024_1Q,206435,18211,19.3,50~70대 노년층,의료기기,종합 오픈마켓,9.4,303,22.5,61,83,64,주의
셀트리온,2024_2Q,168677,31781,19.7,의료기관,의료기기,오프라인 매장,30.4,300,15.9,28,65,74,위험
셀트리온,2024_3Q,161316,18645,16.8,40~60대 장년층,백신/치료제,자사몰(온라인),29.1,308,3.0,50,82,79,안전
셀트리온,2024_4Q,186016,45760,42.9,50~70대 노년층,백신/치료제,종합 오픈마켓,23.0,95,5.3,82,70,83,주의
셀트리온,2025_1Q,178259,11309,36.1,40~60대 장년층,의료기기,B2B/기관 영업,38.2,158,17.6,52,62,63,위험
셀트리온,2025_2Q,182702,14166,19.7,40~60대 장년층,의료기기,자사몰(온라인),38.6,175,13.5,54,61,75,위험
셀트리온,2025_3Q,225503,43027,13.6,의료기관,의료기기,B2B/기관 영업,12.0,117,12.4,61,68,45,위험
셀트리온,2025_4Q,252296,62396,31.7,의료기관,전문의약품,종합 오픈마켓,36.2,169,20.3,70,70,54,위험
스튜디오드래곤,2023_1Q,52874,10486,34.6,10~20대 여성,앨범/굿즈,자사몰(온라인),29.6,334,23.9,71,70,73,주의
스튜디오드래곤,2023_2Q,63970,5334,10.1,10~30대 글로벌 팬덤,앨범/굿즈,오프라인 매장,16.7,219,14.0,38,87,85,안전
스튜디오드래곤,2023_3Q,66840,9974,25.4,10~20대 여성,팬클럽 구독,자사몰(온라인),17.9,132,22.6,19,76,54,주의
스튜디오드래곤,2023_4Q,55633,12335,5.5,10~20대 여성,팬클럽 구독,종합 오픈마켓,18.4,171,23.4,9,69,75,위험
스튜디오드래곤,2024_1Q,75826,13735,14.0,10~20대 여성,팬클럽 구독,종합 오픈마켓,14.5,270,4.7,11,64,51,주의
스튜디오드래곤,2024_2Q,69551,4116,21.0,10~30대 글로벌 팬덤,영상 콘텐츠(드라마),종합 오픈마켓,16.5,313,2.2,30,95,58,안전
스튜디오드래곤,2024_3Q,66050,11528,23.6,20~30대 직장인,팬클럽 구독,자사몰(온라인),30.6,205,5.5,57,94,41,주의
스튜디오드래곤,2024_4Q,65755,14328,40.1,10~30대 글로벌 팬덤,앨범/굿즈,B2B/기관 영업,34.7,133,6.7,35,79,66,주의
스튜디오드래곤,2025_1Q,59789,14910,33.5,10~20대 여성,앨범/굿즈,자사몰(온라인),36.4,291,18.1,52,93,69,위험
스튜디오드래곤,2025_2Q,65020,4493,10.3,10~30대 글로벌 팬덤,앨범/굿즈,오프라인 매장,20.2,201,8.7,45,68,91,주의
스튜디오드래곤,2025_3Q,84435,9731,23.1,10~20대 여성,앨범/굿즈,자사몰(온라인),9.8,135,5.6,26,97,68,안전
스튜디오드래곤,2025_4Q,74196,11662,43.6,10~20대 여성,팬클럽 구독,종합 오픈마켓,21.2,126,5.6,43,67,92,주의
신한지주,2023_1Q,58613,3406,16.2,20~30대 청년층,주택담보대출,자사몰(온라인),25.4,82,9.6,24,76,42,주의
신한지주,2023_2Q,61389,3693,42.3,고자산가 그룹,신용카드,B2B/기관 영업,32.6,263,3.7,45,95,73,주의
신한지주,2023_3Q,57044,3630,25.2,20~30대 청년층,투자/자산관리,오프라인 매장,17.2,249,9.6,42,73,53,안전
신한지주,2023_4Q,71423,10354,27.5,고자산가 그룹,예적금 상품,오프라인 매장,28.4,203,22.8,83,88,79,주의
신한지주,2024_1Q,56805,12902,20.3,30~50대 직장인,투자/자산관리,종합 오픈마켓,23.9,92,23.0,52,78,72,위험
신한지주,2024_2Q,69736,4098,40.9,30~50대 직장인,신용카드,오프라인 매장,38.2,83,16.4,31,70,82,위험
신한지주,2024_3Q,66138,12373,38.4,30~50대 직장인,투자/자산관리,오프라인 매장,31.1,92,12.6,47,69,42,위험
신한지주,2024_4Q,59758,12480,27.3,고자산가 그룹,주택담보대출,종합 오픈마켓,19.3,287,12.0,7,88,64,안전
신한지주,2025_1Q,74001,13193,29.7,고자산가 그룹,예적금 상품,오프라인 매장,17.5,134,8.7,43,92,78,안전
신한지주,2025_2Q,76664,10544,20.8,고자산가 그룹,예적금 상품,B2B/기관 영업,10.5,149,19.2,74,74,58,주의
신한지주,2025_3Q,66373,12309,41.6,고자산가 그룹,신용카드,오프라인 매장,24.4,152,4.8,5,95,76,안전
신한지주,2025_4Q,78622,18821,17.2,고자산가 그룹,신용카드,자사몰(온라인),19.4,152,5.7,33,92,79,안전
아모레퍼시픽,2023_1Q,159019,23598,17.8,20~30대 여성,가정간편식(HMR),오프라인 매장,11.5,224,8.2,61,66,86,주의
아모레퍼시픽,2023_2Q,121740,6445,13.7,1인 가구,음료/주류,B2B/기관 영업,39.9,96,9.6,23,89,43,위험
아모레퍼시픽,2023_3Q,134253,21297,12.3,1인 가구,뷰티/화장품,오프라인 매장,9.3,277,19.7,61,75,55,주의
아모레퍼시픽,2023_4Q,122549,17422,35.8,30~40대 주부,스낵/제과,B2B/기관 영업,18.6,245,5.6,10,79,87,안전
아모레퍼시픽,2024_1Q,157360,15840,30.5,20~30대 여성,음료/주류,오프라인 매장,35.2,137,7.4,60,73,60,주의
아모레퍼시픽,2024_2Q,163688,27325,20.8,20~30대 여성,가정간편식(HMR),오프라인 매장,25.3,159,10.5,16,90,55,안전
아모레퍼시픽,2024_3Q,124208,21578,42.2,30~40대 주부,가정간편식(HMR),오프라인 매장,17.4,134,4.9,34,69,60,주의
아모레퍼시픽,2024_4Q,170878,34404,37.2,1인 가구,스낵/제과,오프라인 매장,29.1,148,7.8,10,82,71,안전
아모레퍼시픽,2025_1Q,165329,26212,24.6,30~40대 주부,스낵/제과,종합 오픈마켓,16.3,220,22.0,81,89,95,주의
아모레퍼시픽,2025_2Q,141257,11442,16.8,1인 가구,음료/주류,B2B/기관 영업,5.0,274,18.9,7,92,79,주의
아모레퍼시픽,2025_3Q,192380,18806,33.8,30~40대 주부,뷰티/화장품,자사몰(온라인),23.3,158,16.1,46,91,66,주의
아모레퍼시픽,2025_4Q,157502,24356,7.7,20~30대 여성,스낵/제과,오프라인 매장,12.1,178,4.3,78,91,81,안전
에스엠,2023_1Q,80410,10333,9.6,10~30대 글로벌 팬덤,팬클럽 구독,자사몰(온라인),33.5,123,17.5,45,79,47,위험
에스엠,2023_2Q,71275,8885,10.7,10~30대 글로벌 팬덤,팬클럽 구독,자사몰(온라인),25.1,175,13.2,73,87,84,안전
에스엠,2023_3Q,100596,8515,11.7,10~30대 글로벌 팬덤,콘서트 티켓,자사몰(온라인),16.0,107,21.9,6,88,71,위험
에스엠,2023_4Q,94004,22820,25.2,10~30대 글로벌 팬덤,팬클럽 구독,B2B/기관 영업,19.5,330,5.8,77,88,41,안전
에스엠,2024_1Q,80874,4572,14.0,10~30대 글로벌 팬덤,콘서트 티켓,B2B/기관 영업,24.8,341,4.6,19,91,57,안전
에스엠,2024_2Q,104315,12869,37.9,10~20대 여성,팬클럽 구독,자사몰(온라인),39.6,206,8.8,9,66,68,위험
에스엠,2024_3Q,103891,7001,39.6,10~20대 여성,콘서트 티켓,자사몰(온라인),33.4,259,21.8,83,97,80,위험
에스엠,2024_4Q,96667,20007,37.5,10~20대 여성,영상 콘텐츠(드라마),종합 오픈마켓,25.9,245,24.5,42,70,58,주의
에스엠,2025_1Q,109967,16812,41.0,10~20대 여성,콘서트 티켓,B2B/기관 영업,37.2,144,18.1,21,77,55,위험
에스엠,2025_2Q,86694,8627,38.7,10~30대 글로벌 팬덤,팬클럽 구독,자사몰(온라인),25.2,292,10.6,14,77,80,안전
에스엠,2025_3Q,106146,13859,35.0,20~30대 직장인,영상 콘텐츠(드라마),B2B/기관 영업,38.3,81,22.0,16,80,86,위험
에스엠,2025_4Q,109463,20738,39.0,20~30대 직장인,팬클럽 구독,자사몰(온라인),38.9,333,8.2,41,73,61,주의
엔씨소프트,2023_1Q,191491,18617,19.5,전 연령층,구독형 솔루션,종합 오픈마켓,7.1,177,24.3,63,77,45,주의
엔씨소프트,2023_2Q,212020,35922,5.9,20~30대 직장인,모바일 게임,자사몰(온라인),32.5,115,21.1,75,73,53,위험
엔씨소프트,2023_3Q,229724,22191,36.0,전 연령층,클라우드 서비스,종합 오픈마켓,35.0,146,14.4,27,69,47,위험
엔씨소프트,2023_4Q,180182,9544,36.6,10~20대 학생,구독형 솔루션,오프라인 매장,11.1,144,19.1,72,63,47,위험
엔씨소프트,2024_1Q,223262,45903,25.5,10~20대 학생,광고 플랫폼,자사몰(온라인),38.1,346,8.9,8,62,43,위험
엔씨소프트,2024_2Q,271876,36772,9.3,전 연령층,광고 플랫폼,오프라인 매장,36.5,155,3.5,40,80,79,주의
엔씨소프트,2024_3Q,255046,29339,44.8,전 연령층,구독형 솔루션,B2B/기관 영업,22.7,130,20.2,19,87,94,주의
엔씨소프트,2024_4Q,293209,46991,39.6,20~30대 직장인,광고 플랫폼,자사몰(온라인),19.5,284,11.6,17,89,60,안전
엔씨소프트,2025_1Q,275858,34443,11.1,20~30대 직장인,클라우드 서비스,오프라인 매장,34.1,301,4.2,52,65,91,위험
엔씨소프트,2025_2Q,214558,51778,27.5,전 연령층,클라우드 서비스,B2B/기관 영업,17.4,106,24.3,81,87,59,위험
엔씨소프트,2025_3Q,258103,23886,31.3,10~20대 학생,클라우드 서비스,종합 오픈마켓,34.6,138,19.5,78,83,54,위험
엔씨소프트,2025_4Q,296484,72611,37.7,전 연령층,클라우드 서비스,종합 오픈마켓,6.0,238,23.2,49,77,40,주의
오리온,2023_1Q,109460,19752,12.8,30~40대 주부,스낵/제과,자사몰(온라인),7.5,245,17.7,78,87,45,주의
오리온,2023_2Q,102898,12661,12.6,1인 가구,가정간편식(HMR),종합 오픈마켓,10.9,306,16.3,61,82,42,주의
오리온,2023_3Q,103138,19294,11.2,30~40대 주부,가정간편식(HMR),오프라인 매장,30.9,155,22.0,41,75,40,위험
오리온,2023_4Q,124580,13831,23.8,1인 가구,스낵/제과,자사몰(온라인),12.1,212,14.6,84,93,86,안전
오리온,2024_1Q,129879,23852,20.1,30~40대 주부,가정간편식(HMR),종합 오픈마켓,11.0,182,20.2,84,78,57,주의
오리온,2024_2Q,122677,6338,20.5,1인 가구,음료/주류,오프라인 매장,5.7,198,24.5,70,84,85,주의
오리온,2024_3Q,105132,23481,26.3,20~30대 여성,스낵/제과,B2B/기관 영업,24.6,100,7.7,72,61,59,위험
오리온,2024_4Q,107400,8742,18.9,1인 가구,음료/주류,종합 오픈마켓,13.3,221,20.7,85,92,56,주의
오리온,2025_1Q,134428,28629,6.2,30~40대 주부,음료/주류,자사몰(온라인),10.3,150,4.0,53,85,73,안전
오리온,2025_2Q,132393,23182,14.1,20~30대 여성,스낵/제과,B2B/기관 영업,39.0,248,12.3,21,98,53,주의
오리온,2025_3Q,135587,25328,13.1,20~30대 여성,음료/주류,자사몰(온라인),20.1,160,9.3,76,69,74,주의
오리온,2025_4Q,123157,13980,40.2,30~40대 주부,가정간편식(HMR),종합 오픈마켓,35.8,290,9.0,40,86,49,주의
와이지엔터테인먼트,2023_1Q,40945,8502,40.8,10~20대 여성,앨범/굿즈,오프라인 매장,26.9,88,4.9,25,89,68,주의
와이지엔터테인먼트,2023_2Q,43083,5840,44.8,10~20대 여성,영상 콘텐츠(드라마),자사몰(온라인),35.6,127,17.1,37,77,45,위험
와이지엔터테인먼트,2023_3Q,41905,3482,20.9,10~30대 글로벌 팬덤,콘서트 티켓,B2B/기관 영업,27.9,80,6.9,14,66,48,위험
와이지엔터테인먼트,2023_4Q,38078,5293,5.3,10~30대 글로벌 팬덤,앨범/굿즈,B2B/기관 영업,29.3,116,7.3,16,90,86,주의
와이지엔터테인먼트,2024_1Q,34493,4260,17.0,10~30대 글로벌 팬덤,콘서트 티켓,자사몰(온라인),7.4,84,16.0,26,96,68,위험
와이지엔터테인먼트,2024_2Q,35832,7153,41.8,20~30대 직장인,팬클럽 구독,자사몰(온라인),8.0,151,19.3,80,66,86,위험
와이지엔터테인먼트,2024_3Q,46005,5193,10.6,10~30대 글로벌 팬덤,앨범/굿즈,자사몰(온라인),24.4,225,19.9,8,98,94,주의
와이지엔터테인먼트,2024_4Q,47512,4327,29.3,10~20대 여성,팬클럽 구독,종합 오픈마켓,27.6,333,10.9,35,75,71,안전
와이지엔터테인먼트,2025_1Q,37124,8454,5.5,10~30대 글로벌 팬덤,영상 콘텐츠(드라마),자사몰(온라인),18.5,295,10.4,27,96,88,안전
와이지엔터테인먼트,2025_2Q,51303,3314,28.5,10~20대 여성,영상 콘텐츠(드라마),자사몰(온라인),6.4,283,13.7,85,63,85,주의
와이지엔터테인먼트,2025_3Q,43359,8253,8.3,20~30대 직장인,콘서트 티켓,종합 오픈마켓,7.9,341,23.2,24,65,74,위험
와이지엔터테인먼트,2025_4Q,45620,9244,31.0,20~30대 직장인,앨범/굿즈,종합 오픈마켓,29.5,109,7.6,60,75,47,주의
우리금융지주,2023_1Q,13808,3150,10.9,30~50대 직장인,신용카드,자사몰(온라인),23.1,89,22.2,41,85,45,위험
우리금융지주,2023_2Q,13937,2010,24.3,30~50대 직장인,투자/자산관리,자사몰(온라인),32.8,341,8.1,48,71,69,주의
우리금융지주,2023_3Q,11783,1480,10.3,30~50대 직장인,주택담보대출,B2B/기관 영업,33.9,129,6.1,83,98,78,주의
우리금융지주,2023_4Q,14476,2181,9.7,20~30대 청년층,주택담보대출,오프라인 매장,36.4,347,11.7,10,87,84,주의
우리금융지주,2024_1Q,12203,2568,36.6,20~30대 청년층,신용카드,오프라인 매장,19.9,324,19.6,15,76,58,주의
우리금융지주,2024_2Q,14025,1424,5.2,고자산가 그룹,예적금 상품,오프라인 매장,23.2,185,17.8,45,84,66,주의
우리금융지주,2024_3Q,12153,2191,15.1,고자산가 그룹,투자/자산관리,종합 오픈마켓,26.4,184,11.5,76,85,70,안전
우리금융지주,2024_4Q,13679,2007,44.5,고자산가 그룹,신용카드,B2B/기관 영업,30.8,197,12.3,25,67,46,위험
우리금융지주,2025_1Q,12666,1490,27.0,고자산가 그룹,예적금 상품,자사몰(온라인),18.6,126,20.9,65,60,78,위험
우리금융지주,2025_2Q,11233,1059,8.2,30~50대 직장인,투자/자산관리,B2B/기관 영업,26.5,226,18.4,81,93,43,주의
우리금융지주,2025_3Q,15708,2796,22.6,30~50대 직장인,신용카드,자사몰(온라인),6.2,341,13.9,34,98,79,안전
우리금융지주,2025_4Q,11583,1133,5.0,30~50대 직장인,예적금 상품,종합 오픈마켓,32.3,282,11.3,30,82,73,주의
유한양행,2023_1Q,92064,6972,8.9,40~60대 장년층,의료기기,종합 오픈마켓,31.4,340,11.2,10,72,42,주의
유한양행,2023_2Q,90892,19159,25.8,50~70대 노년층,건강기능식품,종합 오픈마켓,37.6,163,11.0,83,80,87,주의
유한양행,2023_3Q,92629,14029,25.4,40~60대 장년층,의료기기,B2B/기관 영업,33.6,249,17.5,58,83,77,위험
유한양행,2023_4Q,100958,22656,30.2,의료기관,백신/치료제,종합 오픈마켓,38.8,196,18.6,79,97,70,위험
유한양행,2024_1Q,90191,15688,38.6,50~70대 노년층,건강기능식품,오프라인 매장,25.0,177,2.4,45,67,66,주의
유한양행,2024_2Q,89216,11783,36.0,40~60대 장년층,전문의약품,자사몰(온라인),23.2,246,25.0,66,95,73,주의
유한양행,2024_3Q,96731,13729,26.3,의료기관,의료기기,종합 오픈마켓,26.4,206,8.4,43,72,54,안전
유한양행,2024_4Q,104517,21346,33.2,의료기관,백신/치료제,종합 오픈마켓,21.8,220,8.6,78,95,83,안전
유한양행,2025_1Q,103965,13401,18.8,50~70대 노년층,의료기기,오프라인 매장,15.1,257,23.3,37,65,87,위험
유한양행,2025_2Q,83281,13134,42.3,의료기관,의료기기,자사몰(온라인),8.8,202,7.6,72,97,54,안전
유한양행,2025_3Q,81131,10762,33.7,50~70대 노년층,건강기능식품,오프라인 매장,38.8,288,17.0,65,70,70,위험
유한양행,2025_4Q,107733,11575,16.4,50~70대 노년층,전문의약품,자사몰(온라인),23.7,169,11.6,27,62,42,주의
카카오,2023_1Q,46534,3167,44.1,전 연령층,클라우드 서비스,B2B/기관 영업,10.8,94,3.1,12,79,58,주의
카카오,2023_2Q,49923,4934,21.5,전 연령층,모바일 게임,자사몰(온라인),11.1,203,13.4,79,84,49,안전
카카오,2023_3Q,52480,7447,31.7,20~30대 직장인,구독형 솔루션,자사몰(온라인),7.6,233,16.7,59,82,84,주의
카카오,2023_4Q,55049,4945,20.4,20~30대 직장인,클라우드 서비스,자사몰(온라인),18.3,231,24.8,42,82,41,주의
카카오,2024_1Q,55906,5864,27.6,전 연령층,클라우드 서비스,B2B/기관 영업,34.1,197,16.0,50,78,54,위험
카카오,2024_2Q,57039,10583,33.8,전 연령층,모바일 게임,오프라인 매장,36.6,238,20.1,9,62,77,위험
카카오,2024_3Q,47760,11076,18.1,20~30대 직장인,모바일 게임,자사몰(온라인),9.6,267,14.2,39,94,93,안전
카카오,2024_4Q,60577,14468,43.7,20~30대 직장인,구독형 솔루션,오프라인 매장,21.4,152,19.3,33,64,95,위험
카카오,2025_1Q,58366,7557,38.8,전 연령층,구독형 솔루션,오프라인 매장,32.7,215,14.3,63,60,63,위험
카카오,2025_2Q,60511,10100,37.9,20~30대 직장인,클라우드 서비스,자사몰(온라인),21.5,247,23.1,33,95,81,주의
카카오,2025_3Q,60816,14101,17.1,20~30대 직장인,클라우드 서비스,자사몰(온라인),6.6,235,24.9,19,62,46,위험
카카오,2025_4Q,54381,6946,19.8,전 연령층,광고 플랫폼,자사몰(온라인),36.0,330,16.2,40,66,42,위험
카카오뱅크,2023_1Q,37861,6054,34.0,고자산가 그룹,신용카드,종합 오픈마켓,38.7,195,15.9,29,77,69,위험
카카오뱅크,2023_2Q,36374,3718,21.3,30~50대 직장인,예적금 상품,종합 오픈마켓,16.9,342,24.0,73,67,92,위험
카카오뱅크,2023_3Q,34164,4733,20.1,20~30대 청년층,주택담보대출,종합 오픈마켓,38.6,315,22.6,8,89,70,위험
카카오뱅크,2023_4Q,30724,5429,44.8,고자산가 그룹,주택담보대출,종합 오픈마켓,19.4,344,14.3,38,82,55,안전
카카오뱅크,2024_1Q,34362,6864,18.7,고자산가 그룹,주택담보대출,B2B/기관 영업,16.0,217,6.2,29,73,71,안전
카카오뱅크,2024_2Q,33851,3331,15.6,30~50대 직장인,주택담보대출,자사몰(온라인),34.3,159,19.9,20,82,45,위험
카카오뱅크,2024_3Q,40785,7046,35.6,고자산가 그룹,예적금 상품,B2B/기관 영업,18.0,332,22.7,78,80,95,주의
카카오뱅크,2024_4Q,33954,6887,25.4,20~30대 청년층,주택담보대출,자사몰(온라인),6.9,324,23.6,9,87,72,주의
카카오뱅크,2025_1Q,42555,8731,23.3,30~50대 직장인,투자/자산관리,종합 오픈마켓,29.1,187,10.7,17,60,60,주의
카카오뱅크,2025_2Q,42446,3711,15.5,20~30대 청년층,투자/자산관리,종합 오픈마켓,17.8,297,6.8,52,91,63,안전
카카오뱅크,2025_3Q,37068,3187,10.2,고자산가 그룹,주택담보대출,오프라인 매장,30.2,301,21.7,30,75,49,위험
카카오뱅크,2025_4Q,45689,6606,5.4,20~30대 청년층,투자/자산관리,자사몰(온라인),39.8,241,20.1,43,93,56,위험
크래프톤,2023_1Q,243090,15537,34.6,10~20대 학생,클라우드 서비스,자사몰(온라인),18.2,254,5.6,44,89,86,안전
크래프톤,2023_2Q,263387,44576,40.3,10~20대 학생,모바일 게임,오프라인 매장,28.6,306,17.2,67,77,78,주의
크래프톤,2023_3Q,212736,42757,9.6,20~30대 직장인,클라우드 서비스,종합 오픈마켓,28.7,329,14.1,44,97,42,안전
크래프톤,2023_4Q,263008,16032,13.2,10~20대 학생,모바일 게임,종합 오픈마켓,15.1,83,13.4,60,67,51,위험
크래프톤,2024_1Q,220609,21183,27.3,전 연령층,구독형 솔루션,오프라인 매장,18.9,303,2.4,14,62,95,주의
크래프톤,2024_2Q,210932,27607,30.6,20~30대 직장인,클라우드 서비스,B2B/기관 영업,5.7,167,20.4,84,80,69,주의
크래프톤,2024_3Q,261507,17684,38.8,10~20대 학생,광고 플랫폼,B2B/기관 영업,23.3,238,19.2,33,85,61,주의
크래프톤,2024_4Q,205671,36330,26.2,10~20대 학생,구독형 솔루션,종합 오픈마켓,30.5,200,4.4,37,69,52,위험
크래프톤,2025_1Q,206134,41604,8.0,전 연령층,광고 플랫폼,B2B/기관 영업,31.4,309,17.7,77,97,81,위험
크래프톤,2025_2Q,251742,56100,30.1,10~20대 학생,광고 플랫폼,오프라인 매장,21.4,220,15.6,50,79,72,주의
크래프톤,2025_3Q,228701,13155,19.7,20~30대 직장인,클라우드 서비스,오프라인 매장,26.5,276,12.6,75,92,90,안전
크래프톤,2025_4Q,204412,47384,27.9,10~20대 학생,구독형 솔루션,B2B/기관 영업,22.5,310,4.4,48,63,85,주의
포스코퓨처엠,2023_1Q,372257,23302,26.6,정부 및 공공기관,태양광 패널,B2B/기관 영업,38.8,98,9.8,48,61,90,위험
포스코퓨처엠,2023_2Q,377386,34846,31.2,해외 수출시장,태양광 패널,자사몰(온라인),30.9,116,2.8,23,74,71,위험
포스코퓨처엠,2023_3Q,399650,93359,6.8,해외 수출시장,석유/정유,오프라인 매장,11.0,237,20.9,17,63,69,위험
포스코퓨처엠,2023_4Q,463087,29077,37.7,B2B 기업고객,태양광 패널,자사몰(온라인),7.2,298,9.8,56,72,60,안전
포스코퓨처엠,2024_1Q,426479,67885,17.9,B2B 기업고객,2차전지 배터리,자사몰(온라인),16.7,220,5.2,58,67,50,주의
포스코퓨처엠,2024_2Q,425128,58553,42.0,B2B 기업고객,석유/정유,오프라인 매장,32.7,160,2.4,67,84,45,주의
포스코퓨처엠,2024_3Q,353525,23978,31.1,정부 및 공공기관,태양광 패널,B2B/기관 영업,29.2,153,16.7,71,73,68,주의
포스코퓨처엠,2024_4Q,457993,78824,6.5,B2B 기업고객,태양광 패널,오프라인 매장,27.0,258,11.6,76,79,55,안전
포스코퓨처엠,2025_1Q,452953,111135,29.8,해외 수출시장,석유/정유,B2B/기관 영업,32.0,221,3.2,19,73,90,주의
포스코퓨처엠,2025_2Q,420728,97733,24.9,B2B 기업고객,2차전지 배터리,오프라인 매장,27.6,187,12.0,47,78,79,안전
포스코퓨처엠,2025_3Q,432152,25351,34.6,해외 수출시장,석유/정유,자사몰(온라인),32.5,343,4.7,35,91,86,주의
포스코퓨처엠,2025_4Q,411120,55013,34.9,정부 및 공공기관,석유/정유,오프라인 매장,16.4,201,19.0,30,66,64,위험
하나금융지주,2023_1Q,51301,10769,39.1,고자산가 그룹,투자/자산관리,오프라인 매장,15.2,208,4.3,79,64,71,주의
하나금융지주,2023_2Q,58792,10832,14.4,20~30대 청년층,예적금 상품,자사몰(온라인),16.1,248,16.2,44,88,84,주의
하나금융지주,2023_3Q,64829,7967,17.7,20~30대 청년층,주택담보대출,오프라인 매장,16.0,303,8.4,51,74,48,안전
하나금융지주,2023_4Q,62054,9059,22.8,20~30대 청년층,투자/자산관리,오프라인 매장,11.2,121,21.4,22,98,74,주의
하나금융지주,2024_1Q,69352,12159,34.1,30~50대 직장인,예적금 상품,B2B/기관 영업,31.9,98,14.7,74,73,74,위험
하나금융지주,2024_2Q,71064,8752,13.9,고자산가 그룹,신용카드,자사몰(온라인),21.3,126,11.1,69,92,40,안전
하나금융지주,2024_3Q,75305,15912,29.6,30~50대 직장인,주택담보대출,B2B/기관 영업,10.6,154,18.9,66,96,62,주의
하나금융지주,2024_4Q,70035,6747,15.6,30~50대 직장인,예적금 상품,자사몰(온라인),23.1,278,12.8,63,83,42,안전
하나금융지주,2025_1Q,64528,4558,43.7,고자산가 그룹,신용카드,종합 오픈마켓,25.3,169,10.7,53,96,63,안전
하나금융지주,2025_2Q,71605,4694,15.1,30~50대 직장인,투자/자산관리,종합 오픈마켓,33.6,329,20.2,82,82,40,위험
하나금융지주,2025_3Q,56105,4663,8.1,고자산가 그룹,신용카드,자사몰(온라인),10.3,265,15.8,20,70,82,주의
하나금융지주,2025_4Q,69373,13461,24.3,20~30대 청년층,투자/자산관리,자사몰(온라인),25.7,91,7.6,21,86,76,주의
하이브,2023_1Q,167839,23699,7.4,20~30대 직장인,팬클럽 구독,B2B/기관 영업,5.6,290,2.3,72,94,86,안전
하이브,2023_2Q,212859,11372,37.5,20~30대 직장인,팬클럽 구독,자사몰(온라인),8.7,348,5.4,29,66,79,주의
하이브,2023_3Q,206456,21360,20.9,10~30대 글로벌 팬덤,팬클럽 구독,B2B/기관 영업,24.8,233,17.7,15,74,81,주의
하이브,2023_4Q,211397,11909,21.2,10~30대 글로벌 팬덤,팬클럽 구독,오프라인 매장,27.3,122,13.5,60,70,81,안전
하이브,2024_1Q,216312,47933,8.8,20~30대 직장인,앨범/굿즈,자사몰(온라인),12.4,323,8.2,14,96,83,안전
하이브,2024_2Q,257305,41864,6.3,10~30대 글로벌 팬덤,앨범/굿즈,자사몰(온라인),25.5,119,8.9,77,85,55,주의
하이브,2024_3Q,259449,48103,26.6,10~30대 글로벌 팬덤,콘서트 티켓,오프라인 매장,22.5,107,4.2,34,82,93,주의
하이브,2024_4Q,230481,39820,28.8,10~30대 글로벌 팬덤,앨범/굿즈,종합 오픈마켓,32.4,331,7.2,75,88,64,주의
하이브,2025_1Q,237592,43273,8.4,20~30대 직장인,영상 콘텐츠(드라마),자사몰(온라인),30.0,217,5.5,24,65,87,위험
하이브,2025_2Q,213347,14572,42.7,10~30대 글로벌 팬덤,영상 콘텐츠(드라마),종합 오픈마켓,8.6,175,11.9,76,65,75,주의
하이브,2025_3Q,196876,13372,27.2,20~30대 직장인,영상 콘텐츠(드라마),B2B/기관 영업,5.4,278,19.9,76,86,55,주의
하이브,2025_4Q,206950,26105,10.6,10~30대 글로벌 팬덤,영상 콘텐츠(드라마),B2B/기관 영업,10.1,302,8.3,43,70,70,안전
한미약품,2023_1Q,330929,78536,43.5,40~60대 장년층,전문의약품,오프라인 매장,15.4,134,23.4,47,98,58,주의
한미약품,2023_2Q,350595,54294,40.6,50~70대 노년층,백신/치료제,종합 오픈마켓,11.7,249,5.7,63,67,81,주의
한미약품,2023_3Q,293674,57948,36.6,의료기관,건강기능식품,자사몰(온라인),26.4,298,13.9,16,85,65,안전
한미약품,2023_4Q,304375,23778,17.9,50~70대 노년층,전문의약품,종합 오픈마켓,18.4,216,23.9,43,88,77,주의
한미약품,2024_1Q,296683,53621,32.7,50~70대 노년층,전문의약품,B2B/기관 영업,15.7,337,23.2,44,85,84,주의
한미약품,2024_2Q,392558,42791,29.6,50~70대 노년층,건강기능식품,B2B/기관 영업,10.4,271,11.6,75,98,70,안전
한미약품,2024_3Q,397534,85517,35.5,의료기관,전문의약품,B2B/기관 영업,23.5,119,23.1,19,83,43,위험
한미약품,2024_4Q,433619,39212,26.5,50~70대 노년층,의료기기,B2B/기관 영업,9.1,330,4.1,70,73,68,안전
한미약품,2025_1Q,395798,60418,23.3,50~70대 노년층,백신/치료제,종합 오픈마켓,30.3,210,20.8,32,85,77,위험
한미약품,2025_2Q,375847,71439,26.6,50~70대 노년층,전문의약품,B2B/기관 영업,6.1,172,19.7,58,86,63,주의
한미약품,2025_3Q,399705,89503,41.3,40~60대 장년층,전문의약품,자사몰(온라인),27.9,140,6.1,73,82,65,안전
한미약품,2025_4Q,457229,43225,5.1,50~70대 노년층,의료기기,B2B/기관 영업,28.6,297,14.2,34,94,55,안전
한온시스템,2023_1Q,5950,1047,17.0,40~60대 가족단위,친환경 전기차,종합 오픈마켓,26.8,294,21.1,18,68,72,위험
한온시스템,2023_2Q,5061,368,9.3,30~50대 남성,SUV/레저용,종합 오픈마켓,34.1,263,18.2,42,72,50,위험
한온시스템,2023_3Q,5552,508,42.3,20~30대 사회초년생,SUV/레저용,오프라인 매장,5.4,136,21.2,68,65,49,위험
한온시스템,2023_4Q,6537,424,33.9,20~30대 사회초년생,SUV/레저용,B2B/기관 영업,39.6,215,12.7,17,78,92,주의
한온시스템,2024_1Q,4891,528,37.1,20~30대 사회초년생,차량용 부품,오프라인 매장,8.3,84,21.6,26,62,61,위험
한온시스템,2024_2Q,5661,987,40.1,30~50대 남성,세단,종합 오픈마켓,11.4,284,24.1,39,85,93,주의
한온시스템,2024_3Q,6476,1359,31.0,30~50대 남성,친환경 전기차,자사몰(온라인),29.4,161,4.4,80,63,70,주의
한온시스템,2024_4Q,6469,557,20.2,20~30대 사회초년생,친환경 전기차,자사몰(온라인),21.9,137,22.4,61,91,42,주의
한온시스템,2025_1Q,6151,322,39.7,40~60대 가족단위,SUV/레저용,종합 오픈마켓,23.2,301,17.2,36,66,70,위험
한온시스템,2025_2Q,6162,782,38.6,40~60대 가족단위,친환경 전기차,오프라인 매장,27.5,338,21.5,68,70,95,주의
한온시스템,2025_3Q,6131,699,18.2,20~30대 사회초년생,친환경 전기차,자사몰(온라인),24.3,286,20.8,15,84,69,주의
한온시스템,2025_4Q,5831,394,24.9,20~30대 사회초년생,친환경 전기차,B2B/기관 영업,31.1,132,11.3,9,61,75,위험
한화솔루션,2023_1Q,40412,7545,20.6,정부 및 공공기관,석유/정유,B2B/기관 영업,5.4,275,17.6,72,88,83,주의
한화솔루션,2023_2Q,41190,6436,19.2,정부 및 공공기관,친환경 플라스틱,종합 오픈마켓,14.5,210,17.0,55,66,69,위험
한화솔루션,2023_3Q,54434,10716,28.5,B2B 기업고객,친환경 플라스틱,자사몰(온라인),16.0,84,21.1,6,60,66,위험
한화솔루션,2023_4Q,41763,5812,13.8,정부 및 공공기관,친환경 플라스틱,자사몰(온라인),6.2,109,23.6,32,65,78,위험
한화솔루션,2024_1Q,53431,3953,39.3,B2B 기업고객,태양광 패널,자사몰(온라인),36.4,209,8.8,14,71,80,주의
한화솔루션,2024_2Q,58844,11996,32.7,해외 수출시장,친환경 플라스틱,종합 오픈마켓,10.7,221,19.9,53,64,64,위험
한화솔루션,2024_3Q,42482,10243,15.6,정부 및 공공기관,2차전지 배터리,B2B/기관 영업,39.3,281,6.1,67,72,46,주의
한화솔루션,2024_4Q,52870,4952,30.7,정부 및 공공기관,친환경 플라스틱,오프라인 매장,6.2,208,19.9,7,64,71,위험
한화솔루션,2025_1Q,49191,11637,31.6,정부 및 공공기관,석유/정유,종합 오픈마켓,36.7,81,13.9,67,96,70,위험
한화솔루션,2025_2Q,52807,10888,36.4,해외 수출시장,석유/정유,오프라인 매장,18.5,142,15.0,50,90,61,주의
한화솔루션,2025_3Q,47415,8366,43.4,B2B 기업고객,친환경 플라스틱,종합 오픈마켓,7.8,228,16.9,27,89,75,주의
한화솔루션,2025_4Q,45023,3971,32.8,B2B 기업고객,친환경 플라스틱,B2B/기관 영업,8.0,177,5.2,29,88,41,안전
현대모비스,2023_1Q,221678,54899,22.4,40~60대 가족단위,SUV/레저용,종합 오픈마켓,16.2,124,10.9,55,64,75,주의
현대모비스,2023_2Q,208639,29549,39.9,40~60대 가족단위,차량용 부품,오프라인 매장,19.5,131,23.3,77,69,89,위험
현대모비스,2023_3Q,201680,31689,18.8,20~30대 사회초년생,세단,B2B/기관 영업,27.9,322,2.9,40,96,65,안전
현대모비스,2023_4Q,218582,41253,6.6,20~30대 사회초년생,SUV/레저용,오프라인 매장,31.1,270,2.5,43,77,59,주의
현대모비스,2024_1Q,207309,39230,8.9,30~50대 남성,SUV/레저용,종합 오픈마켓,39.1,244,8.2,58,88,78,주의
현대모비스,2024_2Q,192051,17722,38.0,40~60대 가족단위,차량용 부품,종합 오픈마켓,33.7,161,3.5,69,92,65,주의
현대모비스,2024_3Q,232949,52615,6.2,30~50대 남성,SUV/레저용,오프라인 매장,13.7,105,23.1,30,89,57,위험
현대모비스,2024_4Q,205022,26527,41.9,40~60대 가족단위,친환경 전기차,자사몰(온라인),18.0,308,6.1,65,98,77,안전
현대모비스,2025_1Q,200778,43675,15.3,40~60대 가족단위,친환경 전기차,종합 오픈마켓,6.0,163,21.6,32,63,94,위험
현대모비스,2025_2Q,188073,17179,31.1,40~60대 가족단위,친환경 전기차,오프라인 매장,21.6,168,15.8,6,68,54,위험
현대모비스,2025_3Q,225237,25022,43.7,40~60대 가족단위,세단,B2B/기관 영업,36.3,315,7.8,64,82,59,주의
현대모비스,2025_4Q,235194,30441,9.1,40~60대 가족단위,세단,종합 오픈마켓,15.4,326,3.5,40,66,80,주의
현대차,2023_1Q,271427,60070,10.9,40~60대 가족단위,SUV/레저용,종합 오픈마켓,18.9,233,8.0,27,63,41,주의
현대차,2023_2Q,361964,58345,27.0,30~50대 남성,차량용 부품,오프라인 매장,33.1,142,2.3,33,68,48,위험
현대차,2023_3Q,304347,56991,42.5,30~50대 남성,세단,오프라인 매장,5.8,181,22.8,61,64,91,위험
현대차,2023_4Q,346691,74840,18.3,30~50대 남성,차량용 부품,오프라인 매장,10.9,301,20.9,55,96,71,주의
현대차,2024_1Q,308677,26102,13.6,30~50대 남성,세단,종합 오픈마켓,20.6,97,16.1,83,69,55,위험
현대차,2024_2Q,300308,68036,24.2,30~50대 남성,세단,B2B/기관 영업,9.8,349,7.7,74,72,90,안전
현대차,2024_3Q,274681,52923,24.2,20~30대 사회초년생,세단,종합 오픈마켓,18.6,93,9.3,33,71,41,주의
현대차,2024_4Q,334204,20626,44.7,40~60대 가족단위,세단,자사몰(온라인),39.1,206,17.1,39,66,74,위험
현대차,2025_1Q,368225,22528,44.9,30~50대 남성,차량용 부품,종합 오픈마켓,37.7,170,7.4,45,71,91,주의
현대차,2025_2Q,320858,54004,33.1,20~30대 사회초년생,SUV/레저용,자사몰(온라인),34.3,238,6.0,9,91,45,주의
현대차,2025_3Q,333922,18026,24.1,20~30대 사회초년생,SUV/레저용,자사몰(온라인),16.9,245,3.4,23,71,77,안전
현대차,2025_4Q,295014,21295,26.1,20~30대 사회초년생,친환경 전기차,종합 오픈마켓,29.7,131,9.7,46,85,48,안전
